,Nombre,Descripcion,Precio
1,Pampers,Pañales Pampers Confort Sec Hipoalergénico RN x 20 un,"$ 699.50"
2,Muestra Gratis,Muestra Gratis - Pañales Pampers Confort Sec Hipoalergénico RN x 20 un,"$ 699.50"
3,Babysec,Pañales Baby Sec Premium Flexi Protect,"$ 1.116.00"
4,Muestra Gratis,Muestra Gratis - Pañales Baby Sec Premium Flexi Protect,"$ 1.116.00"
5,Huggies,Pañales Huggies Supreme Care Maxi Prematuros x 30 unidades,"$ 1.308.00"
6,Muestra Gratis,Muestra Gratis - Pañales Huggies Supreme Care Maxi Prematuros x 30 unidades,"$ 1.308.00"
7,Pampers,Pañales para Agua Pampers  Splashers,"$ 1.346.80"
8,Muestra Gratis,Muestra Gratis - Pañales para Agua Pampers  Splashers,"$ 1.346.80"
9,Huggies,Pañales para Agua Huggies Little Swimmers,"$ 1.592.50"
10,Muestra Gratis,Muestra Gratis - Pañales para Agua Huggies Little Swimmers,"$ 1.592.50"
11,Pampers,Pañales Pampers Premium Care Hipoalergénico RN,"$ 1.724.10"
12,Muestra Gratis,Muestra Gratis - Pañales Pampers Premium Care Hipoalergénico RN,"$ 1.724.10"
13,Huggies,Pañal Huggies Protect Plus,"$ 1.736.00"
14,Muestra Gratis,Muestra Gratis - Pañal Huggies Protect Plus,"$ 1.736.00"
15,Huggies,Panal Huggies Supreme Care,"$ 1.941.50"
16,Muestra Gratis,Muestra Gratis - Panal Huggies Supreme Care,"$ 1.941.50"
17,Pampers,Pañales Pampers Supersec Extra Plus,"$ 1.968.50"
18,Muestra Gratis,Muestra Gratis - Pañales Pampers Supersec Extra Plus,"$ 1.968.50"
19,Pampers,Pañal Pampers Confort Sec Extra Plus Megapack,"$ 1.975.00"
20,Muestra Gratis,Muestra Gratis - Pañal Pampers Confort Sec Extra Plus Megapack,"$ 1.975.00"
21,Pampers,Pañales Pampers Confort Sec Hipoalergénico RN+ x 36 un,"$ 1.975.00"
22,Muestra Gratis,Muestra Gratis - Pañales Pampers Confort Sec Hipoalergénico RN+ x 36 un,"$ 1.975.00"
23,Huggies,Pañales Huggies Flexi Comfort Maxi,"$ 2.086.50"
24,Muestra Gratis,Muestra Gratis - Pañales Huggies Flexi Comfort Maxi,"$ 2.086.50"
25,Pampers,Pañales Pampers Premium Care Plus Hipoalergénico Megapack,"$ 2.209.00"
26,Muestra Gratis,Muestra Gratis - Pañales Pampers Premium Care Plus Hipoalergénico Megapack,"$ 2.209.00"
27,Huggies,Pañales Huggies Protect Plus Unisex Ahorrapack Talle P x 50 un,"$ 2.317.50"
28,Muestra Gratis,Muestra Gratis - Pañales Huggies Protect Plus Unisex Ahorrapack Talle P x 50 un,"$ 2.317.50"
29,Pampers,Pañales Pampers Premium Care Plus Hipoalergénico P x 36 un,"$ 2.464.50"
30,Muestra Gratis,Muestra Gratis - Pañales Pampers Premium Care Plus Hipoalergénico P x 36 un,"$ 2.464.50"
31,Huggies,Pañales Huggies Flexi Comfort Talle P x 50 Unidades,"$ 2.568.00"
32,Muestra Gratis,Muestra Gratis - Pañales Huggies Flexi Comfort Talle P x 50 Unidades,"$ 2.568.00"
33,Pampers,Pañales Pampers Premium Care Pants Ajuste Perfecto,"$ 2.632.00"
34,Muestra Gratis,Muestra Gratis - Pañales Pampers Premium Care Pants Ajuste Perfecto,"$ 2.632.00"
35,Huggies,Pañales Huggies Supreme Care RN x 34 un,"$ 2.666.00"
36,Muestra Gratis,Muestra Gratis - Pañales Huggies Supreme Care RN x 34 un,"$ 2.666.00"
37,Huggies,Pañales Huggies Flexi Comfort Talle RN x 34 Unidades,"$ 2.805.00"
38,Muestra Gratis,Muestra Gratis - Pañales Huggies Flexi Comfort Talle RN x 34 Unidades,"$ 2.805.00"
39,Pampers,Pañales Pampers Easy Pants Grandecitos XG x 20 un,"$ 2.847.20"
40,Muestra Gratis,Muestra Gratis - Pañales Pampers Easy Pants Grandecitos XG x 20 un,"$ 2.847.20"
41,Pampers,Pañal Pampers Confort Sec Hiperpack,"$ 2.853.00"
42,Muestra Gratis,Muestra Gratis - Pañal Pampers Confort Sec Hiperpack,"$ 2.853.00"
